{
    "batch_size": 128,
    "best_eval_metric": 0.33229169249534607,
    "best_increase_batch_size_eval_metric": Infinity,
    "best_reduce_learning_rate_eval_metric": Infinity,
    "epoch": 10,
    "last_improvement": 0,
    "last_improvement_epoch": 10,
    "last_increase_batch_size": 0,
    "last_increase_batch_size_epoch": 0,
    "last_increase_batch_size_eval_metric_improvement": 0,
    "last_learning_rate_reduction": 0,
    "last_learning_rate_reduction_epoch": 0,
    "last_reduce_learning_rate_eval_metric_improvement": 0,
    "learning_rate": 0.1,
    "num_increases_batch_size": 0,
    "num_reductions_learning_rate": 0,
    "steps": 1210,
    "test_metrics": {
        "combined": {
            "loss": [
                1.3411706686019897,
                0.9488464593887329,
                1.2368584871292114,
                0.7164961099624634,
                0.8667675852775574,
                0.8161816000938416,
                1.1647112369537354,
                0.5773243308067322,
                0.8034984469413757,
                0.3491889536380768
            ]
        },
        "intents": {
            "accuracy": [
                0.4245368242263794,
                0.7571170330047607,
                0.7263895273208618,
                0.8120198845863342,
                0.7489832639694214,
                0.7939448952674866,
                0.7261635661125183,
                0.8373249173164368,
                0.7729326486587524,
                0.8920018076896667
            ],
            "hits_at_k": [
                0.8531405329704285,
                0.9819250106811523,
                0.9396746754646301,
                0.9907365441322327,
                0.9905106425285339,
                0.9896068572998047,
                0.9900587201118469,
                0.9952552914619446,
                0.9929959177970886,
                0.9963849782943726
            ],
            "loss": [
                1.3433340787887573,
                0.9664416909217834,
                1.269071340560913,
                0.7003231644630432,
                0.8461206555366516,
                0.8153538703918457,
                1.177554726600647,
                0.5458102822303772,
                0.8092827796936035,
                0.3495399057865143
            ]
        }
    },
    "train_metrics": {
        "combined": {
            "loss": [
                1.33425772190094,
                0.9381353855133057,
                1.1880238056182861,
                0.6623734831809998,
                0.79996258020401,
                0.7776970267295837,
                1.1878355741500854,
                0.4982989430427551,
                0.8146392703056335,
                0.32546788454055786
            ]
        },
        "intents": {
            "accuracy": [
                0.43318450450897217,
                0.7553873062133789,
                0.733320415019989,
                0.814210832118988,
                0.7515045404434204,
                0.7977091670036316,
                0.7178541421890259,
                0.8422960042953491,
                0.7647058963775635,
                0.8973662257194519
            ],
            "hits_at_k": [
                0.8545913696289062,
                0.9854397177696228,
                0.9411117434501648,
                0.9894518852233887,
                0.9925580620765686,
                0.9892577528953552,
                0.990034282207489,
                0.9945641756057739,
                0.9943053126335144,
                0.9967643618583679
            ],
            "loss": [
                1.343950867652893,
                0.9235622882843018,
                1.2081577777862549,
                0.6781193614006042,
                0.8137160539627075,
                0.7909085750579834,
                1.1770950555801392,
                0.514814555644989,
                0.8064422607421875,
                0.32375568151474
            ]
        }
    },
    "vali_metrics": {
        "combined": {
            "loss": [
                1.3559119701385498,
                1.0505702495574951,
                1.332098126411438,
                0.6647440195083618,
                0.8451586365699768,
                0.799594521522522,
                1.202513337135315,
                0.5239651203155518,
                0.8315382599830627,
                0.33229169249534607
            ]
        },
        "intents": {
            "accuracy": [
                0.43080461025238037,
                0.7485057711601257,
                0.7328735589981079,
                0.8096551895141602,
                0.7531034350395203,
                0.7949425578117371,
                0.724597692489624,
                0.8275862336158752,
                0.7655172348022461,
                0.8983908295631409
            ],
            "hits_at_k": [
                0.8491954207420349,
                0.9843677878379822,
                0.9462068676948547,
                0.9917241334915161,
                0.9931034445762634,
                0.9889655113220215,
                0.9940229654312134,
                0.9972413778305054,
                0.9958620667457581,
                0.9972413778305054
            ],
            "loss": [
                1.3519411087036133,
                0.9471132755279541,
                1.2374422550201416,
                0.6720201969146729,
                0.8274921774864197,
                0.8011746406555176,
                1.1448861360549927,
                0.5260677933692932,
                0.7675894498825073,
                0.31578949093818665
            ]
        }
    }
}